"dbpedia","city","temp","population","density","website","country_name","image","flag","currency"
"http://dbpedia.org/resource/Tokyo","Tokyo",23.2,37800000,6224.66,"http://www.metro.tokyo.jp","Japan","http://commons.wikimedia.org/wiki/Special:FilePath/Tokyo_Montage_2015.jpg?width=300","http://en.wikipedia.org/wiki/Special:FilePath/Flag_of_Japan.svg?width=300","http://dbpedia.org/resource/Japanese_yen"
"http://dbpedia.org/resource/Jakarta","Jakarta",26.7,30214303,,"http://www.jakarta.go.id/","Indonesia","http://commons.wikimedia.org/wiki/Special:FilePath/Jakarta_Pictures-4.jpg?width=300","http://commons.wikimedia.org/wiki/Special:FilePath/Flag_of_Indonesia.svg?width=300","http://dbpedia.org/resource/Indonesian_rupiah"
"http://dbpedia.org/resource/São_Paulo","São Paulo",19.2,21090791,7.858,"http://www.prefeitura.sp.gov.br/","Brazil","http://commons.wikimedia.org/wiki/Special:FilePath/São_Paulo_Poster.jpg?width=300","http://en.wikipedia.org/wiki/Special:FilePath/Flag_of_Brazil.svg?width=300","http://dbpedia.org/resource/Brazilian_real"
"http://dbpedia.org/resource/Lagos","Lagos",26.8,21000000,6871.0,"http://www.lagosstate.gov.ng/","Nigeria","http://commons.wikimedia.org/wiki/Special:FilePath/Location_of_Lagos.png?width=300","http://commons.wikimedia.org/wiki/Special:FilePath/Flag_of_Nigeria.svg?width=300","http://dbpedia.org/resource/Nigerian_naira"
"http://dbpedia.org/resource/Bangkok","Bangkok",28.6,14565547,,"http://www.bangkoktourist.com/","Thailand","http://commons.wikimedia.org/wiki/Special:FilePath/Bangkok_Montage.png?width=300","http://commons.wikimedia.org/wiki/Special:FilePath/Flag_of_Thailand.svg?width=300","http://dbpedia.org/resource/Thai_baht"
"http://dbpedia.org/resource/Buenos_Aires","Buenos Aires",18.1,12741364,,"http://www.buenosaires.gob.ar","Argentina","http://commons.wikimedia.org/wiki/Special:FilePath/Buenos_Aires_City_Collage.png?width=300","http://commons.wikimedia.org/wiki/Special:FilePath/Flag_of_Argentina.svg?width=300","http://dbpedia.org/resource/Argentine_peso"
"http://dbpedia.org/resource/Rio_de_Janeiro","Rio de Janeiro",23.8,12280702,,"http://www.rio.rj.gov.br/","Brazil","http://commons.wikimedia.org/wiki/Special:FilePath/Montagem_RJ.jpg?width=300","http://en.wikipedia.org/wiki/Special:FilePath/Flag_of_Brazil.svg?width=300","http://dbpedia.org/resource/Brazilian_real"
"http://dbpedia.org/resource/Chengdu","Chengdu",16.1,10484996,,"http://www.chengdu.gov.cn","China","http://commons.wikimedia.org/wiki/Special:FilePath/Chengdu_montage.png?width=300","http://commons.wikimedia.org/wiki/Special:FilePath/Flag_of_the_People%27s_Republic_of_China.svg?width=300","http://dbpedia.org/resource/Renminbi"
"http://dbpedia.org/resource/Bogotá","Bogotá",14.4,9800000,,"http://www.bogota.gov.co/","Colombia","http://commons.wikimedia.org/wiki/Special:FilePath/Flag_of_Bogotá.svg?width=300","http://commons.wikimedia.org/wiki/Special:FilePath/Flag_of_Colombia.svg?width=300","http://dbpedia.org/resource/Colombian_peso"
"http://dbpedia.org/resource/Bogotá","Bogotá",14.4,9800000,,"http://english.bogotaturismo.gov.co/","Colombia","http://commons.wikimedia.org/wiki/Special:FilePath/Flag_of_Bogotá.svg?width=300","http://commons.wikimedia.org/wiki/Special:FilePath/Flag_of_Colombia.svg?width=300","http://dbpedia.org/resource/Colombian_peso"
"http://dbpedia.org/resource/Lima","Lima",19.4,9752000,,"http://www.munlima.gob.pe/","Peru","http://commons.wikimedia.org/wiki/Special:FilePath/Bandera_de_Lima.png?width=300","http://commons.wikimedia.org/wiki/Special:FilePath/Escudo_nacional_del_Perú.svg?width=300","http://dbpedia.org/resource/Peruvian_sol"
"http://dbpedia.org/resource/Nagoya","Nagoya",15.8,9107414,,"http://www.city.nagoya.jp","Japan","http://commons.wikimedia.org/wiki/Special:FilePath/Japan_Nagoya.png?width=300","http://en.wikipedia.org/wiki/Special:FilePath/Flag_of_Japan.svg?width=300","http://dbpedia.org/resource/Japanese_yen"
"http://dbpedia.org/resource/Nagoya","Nagoya",15.8,9107414,,"http://www.city.nagoya.jp/","Japan","http://commons.wikimedia.org/wiki/Special:FilePath/Japan_Nagoya.png?width=300","http://en.wikipedia.org/wiki/Special:FilePath/Flag_of_Japan.svg?width=300","http://dbpedia.org/resource/Japanese_yen"
"http://dbpedia.org/resource/Busan","Busan",14.7,8202239,,"http://english.busan.go.kr/","South Korea","http://commons.wikimedia.org/wiki/Special:FilePath/Busan_montage.png?width=300","http://commons.wikimedia.org/wiki/Special:FilePath/Flag_of_South_Korea.svg?width=300","http://dbpedia.org/resource/South_Korean_won"
"http://dbpedia.org/resource/Busan","Busan",14.7,8202239,,"http://english.busan.go.kr/","South Korea","http://commons.wikimedia.org/wiki/Special:FilePath/Busan_montage.png?width=300","http://commons.wikimedia.org/wiki/Special:FilePath/Flag_of_South_Korea.svg?width=300","http://dbpedia.org/resource/ISO_4217"
"http://dbpedia.org/resource/Surabaya","Surabaya",28,7302283,,"http://www.surabaya.go.id","Indonesia","http://commons.wikimedia.org/wiki/Special:FilePath/City_of_Surabaya_Logo.svg?width=300","http://commons.wikimedia.org/wiki/Special:FilePath/Flag_of_Indonesia.svg?width=300","http://dbpedia.org/resource/Indonesian_rupiah"
"http://dbpedia.org/resource/Kuala_Lumpur","Kuala Lumpur",28.2,7200000,6891.0,"http://www.dbkl.gov.my/","Malaysia","http://commons.wikimedia.org/wiki/Special:FilePath/KL_Composite2.jpg?width=300","http://commons.wikimedia.org/wiki/Special:FilePath/Flag_of_Malaysia.svg?width=300","http://dbpedia.org/resource/Malaysian_ringgit"
"http://dbpedia.org/resource/Santiago","Santiago",14.2,7200000,8470.0,"http://www.gobiernosantiago.cl","Chile","http://commons.wikimedia.org/wiki/Special:FilePath/Santiago_de_chile_collage.png?width=300","http://commons.wikimedia.org/wiki/Special:FilePath/Flag_of_Chile.svg?width=300","http://dbpedia.org/resource/Chilean_peso"
"http://dbpedia.org/resource/Nairobi","Nairobi",19,6547547,4850.0,"http://nairobi.go.ke/","Kenya","http://commons.wikimedia.org/wiki/Special:FilePath/Nairobi_Montage_A.jpg?width=300","http://commons.wikimedia.org/wiki/Special:FilePath/Flag_of_Kenya.svg?width=300","http://dbpedia.org/resource/Kenyan_shilling"
"http://dbpedia.org/resource/Luanda","Luanda",25.8,6542942,,,"Angola","http://commons.wikimedia.org/wiki/Special:FilePath/Marginal_Avenida_4_de_Fevreiro_Luanda_March_2013_(cropped).JPG?width=300","http://commons.wikimedia.org/wiki/Special:FilePath/Flag_of_Angola.svg?width=300","http://dbpedia.org/resource/Angolan_kwanza"
"http://dbpedia.org/resource/Madrid","Madrid",15,6489162,5390.0,"http://www.madrid.es/portales/munimadrid/en/Home?vgnextfmt=default&vgnextchannel=1ccd566813946010VgnVCM100000dc0ca8c0RCRD&idioma=en&idiomaPrevio=en&combo=1","Spain","http://commons.wikimedia.org/wiki/Special:FilePath/Bandera_de_Madrid.svg?width=300","http://en.wikipedia.org/wiki/Special:FilePath/Flag_of_Spain.svg?width=300","http://dbpedia.org/resource/Euro"
"http://dbpedia.org/resource/Colombo","Colombo",27.4,5648000,17344.0,"http://www.colombo.mc.gov.lk/","Sri Lanka","http://commons.wikimedia.org/wiki/Special:FilePath/Colombo2.jpg?width=300","http://commons.wikimedia.org/wiki/Special:FilePath/Flag_of_Sri_Lanka.svg?width=300","http://dbpedia.org/resource/Sri_Lankan_rupee"
"http://dbpedia.org/resource/Toronto","Toronto",9.9,5583064,4149.5,"http://www.toronto.ca/","Canada","http://commons.wikimedia.org/wiki/Special:FilePath/Montage_of_Toronto_7.jpg?width=300","http://commons.wikimedia.org/wiki/Special:FilePath/Flag_of_Canada_(Pantone).svg?width=300","http://dbpedia.org/resource/Canadian_dollar"
"http://dbpedia.org/resource/Frankfurt","Frankfurt",10.6,5500000,,"http://www.frankfurt.de/","Germany","http://commons.wikimedia.org/wiki/Special:FilePath/Flag_of_Frankfurt_am_Main.svg?width=300","http://en.wikipedia.org/wiki/Special:FilePath/Flag_of_Germany.svg?width=300","http://dbpedia.org/resource/Euro"
"http://dbpedia.org/resource/Barcelona","Barcelona",18.2,5375774,,"http://www.barcelona.cat/en/","Spain","http://commons.wikimedia.org/wiki/Special:FilePath/Barcelona_collage.JPG?width=300","http://en.wikipedia.org/wiki/Special:FilePath/Flag_of_Spain.svg?width=300","http://dbpedia.org/resource/Euro"
"http://dbpedia.org/resource/Caracas","Caracas",21.1,5297026,4212.9,"http://www.gdc.gob.ve/","Venezuela","http://commons.wikimedia.org/wiki/Special:FilePath/Flag_of_Caracas.svg?width=300","http://commons.wikimedia.org/wiki/Special:FilePath/Flag_of_Venezuela.svg?width=300","http://dbpedia.org/resource/Venezuelan_bolívar"
"http://dbpedia.org/resource/Katowice","Katowice",8.2,5294000,,"http://www.katowice.eu","Poland","http://commons.wikimedia.org/wiki/Special:FilePath/Katowice_Flaga.svg?width=300","http://commons.wikimedia.org/wiki/Special:FilePath/Flag_of_Poland_(normative).svg?width=300","http://dbpedia.org/resource/Polish_złoty"
"http://dbpedia.org/resource/Bielsko-Biała","Bielsko-Biała",8,5294000,,"http://www.um.bielsko.pl","Poland","http://commons.wikimedia.org/wiki/Special:FilePath/Bielsko-Biała_Montage.jpg?width=300","http://commons.wikimedia.org/wiki/Special:FilePath/Flag_of_Poland_(normative).svg?width=300","http://dbpedia.org/resource/Polish_złoty"
"http://dbpedia.org/resource/Hamburg","Hamburg",9,5046182,,"http://www.hamburg.de/","Germany","http://commons.wikimedia.org/wiki/Special:FilePath/Hamburg_montage.jpg?width=300","http://en.wikipedia.org/wiki/Special:FilePath/Flag_of_Germany.svg?width=300","http://dbpedia.org/resource/Euro"
"http://dbpedia.org/resource/Hefei","Hefei",16.2,5031123,,"http://hefei.gov.cn","China","http://commons.wikimedia.org/wiki/Special:FilePath/Hefei_montage.png?width=300","http://commons.wikimedia.org/wiki/Special:FilePath/Flag_of_the_People%27s_Republic_of_China.svg?width=300","http://dbpedia.org/resource/Renminbi"
"http://dbpedia.org/resource/Algiers","Algiers",17.8,5000000,,,"Algeria","http://commons.wikimedia.org/wiki/Special:FilePath/Algiers_Montage.png?width=300","http://commons.wikimedia.org/wiki/Special:FilePath/Flag_of_Algeria.svg?width=300","http://dbpedia.org/resource/Algerian_dinar"
"http://dbpedia.org/resource/Guayaquil","Guayaquil",26.5,5000000,,"http://www.guayaquil.gob.ec","Ecuador","http://commons.wikimedia.org/wiki/Special:FilePath/Guayaquil_montage.png?width=300","http://commons.wikimedia.org/wiki/Special:FilePath/Flag_of_Ecuador.svg?width=300","http://dbpedia.org/resource/United_States_dollar"
"http://dbpedia.org/resource/Quito","Quito",15.6,4700000,,"http://www.quito.com.ec","Ecuador","http://commons.wikimedia.org/wiki/Special:FilePath/Montaje_Quito.png?width=300","http://commons.wikimedia.org/wiki/Special:FilePath/Flag_of_Ecuador.svg?width=300","http://dbpedia.org/resource/United_States_dollar"
"http://dbpedia.org/resource/Quito","Quito",15.6,4700000,,"http://www.quito.gob.ec","Ecuador","http://commons.wikimedia.org/wiki/Special:FilePath/Montaje_Quito.png?width=300","http://commons.wikimedia.org/wiki/Special:FilePath/Flag_of_Ecuador.svg?width=300","http://dbpedia.org/resource/United_States_dollar"
"http://dbpedia.org/resource/Guadalajara","Guadalajara",20.9,4424252,10361.0,"http://www.guadalajara.gob.mx","Mexico","http://commons.wikimedia.org/wiki/Special:FilePath/Ciudad_de_Guadalajara.jpg?width=300","http://commons.wikimedia.org/wiki/Special:FilePath/Flag_of_Mexico.svg?width=300","http://dbpedia.org/resource/Mexican_peso"
"http://dbpedia.org/resource/Porto_Alegre","Porto Alegre",19.5,4405769,3030.0,"http://www.portoalegre.rs.gov.br","Brazil","http://commons.wikimedia.org/wiki/Special:FilePath/Montage_of_Porto_Alegre.jpg?width=300","http://en.wikipedia.org/wiki/Special:FilePath/Flag_of_Brazil.svg?width=300","http://dbpedia.org/resource/Brazilian_real"
"http://dbpedia.org/resource/Casablanca","Casablanca",18,4270750,,"http://www.casablancacity.ma","Morocco","http://commons.wikimedia.org/wiki/Special:FilePath/Subditos.jpg?width=300","http://commons.wikimedia.org/wiki/Special:FilePath/Flag_of_Morocco.svg?width=300","http://dbpedia.org/resource/Moroccan_dirham"
"http://dbpedia.org/resource/Casablanca","Casablanca",18,4270750,,"http://www.casablanca.ma/","Morocco","http://commons.wikimedia.org/wiki/Special:FilePath/Subditos.jpg?width=300","http://commons.wikimedia.org/wiki/Special:FilePath/Flag_of_Morocco.svg?width=300","http://dbpedia.org/resource/Moroccan_dirham"
"http://dbpedia.org/resource/Apodaca","Apodaca",21.8,4150000,,"http://www.apodaca.gob.mx","Mexico","http://commons.wikimedia.org/wiki/Special:FilePath/Apodaca_location.png?width=300","http://commons.wikimedia.org/wiki/Special:FilePath/Flag_of_Mexico.svg?width=300","http://dbpedia.org/resource/Mexican_peso"
"http://dbpedia.org/resource/Montreal","Montreal",7.4,4127100,4517.6,"http://www.ville.montreal.qc.ca","Canada","http://commons.wikimedia.org/wiki/Special:FilePath/Montreal_Montage_July_7_2014.jpg?width=300","http://commons.wikimedia.org/wiki/Special:FilePath/Flag_of_Canada_(Pantone).svg?width=300","http://dbpedia.org/resource/Canadian_dollar"
"http://dbpedia.org/resource/Fortaleza","Fortaleza",26.6,4019213,8286.65,"http://www.fortaleza.ce.gov.br","Brazil","http://commons.wikimedia.org/wiki/Special:FilePath/Montage_of_Fortaleza.png?width=300","http://en.wikipedia.org/wiki/Special:FilePath/Flag_of_Brazil.svg?width=300","http://dbpedia.org/resource/Brazilian_real"
"http://dbpedia.org/resource/Chittagong","Chittagong",25.9,4009423,,"http://www.ccc.org.bd/","Bangladesh","http://commons.wikimedia.org/wiki/Special:FilePath/Chittagong_montage_42.jpg?width=300","http://commons.wikimedia.org/wiki/Special:FilePath/Flag_of_Bangladesh.svg?width=300","http://dbpedia.org/resource/Bangladeshi_taka"
"http://dbpedia.org/resource/Baku","Baku",15.1,4000000,996.38,"http://www.baku-ih.gov.az","Azerbaijan","http://commons.wikimedia.org/wiki/Special:FilePath/Baku_montage3.jpg?width=300","http://commons.wikimedia.org/wiki/Special:FilePath/Flag_of_Azerbaijan.svg?width=300","http://dbpedia.org/resource/Azerbaijani_manat"
"http://dbpedia.org/resource/Salvador,_Bahia","Salvador, Bahia",25.3,3919864,4187.0,"http://www.salvador.ba.gov.br/","Brazil","http://commons.wikimedia.org/wiki/Special:FilePath/Montage_Salvador_de_Bahía.jpg?width=300","http://en.wikipedia.org/wiki/Special:FilePath/Flag_of_Brazil.svg?width=300","http://dbpedia.org/resource/Brazilian_real"
"http://dbpedia.org/resource/Kunming","Kunming",14.9,3891400,,"http://www.km.gov.cn/","China","http://commons.wikimedia.org/wiki/Special:FilePath/Kunming_montage.png?width=300","http://commons.wikimedia.org/wiki/Special:FilePath/Flag_of_the_People%27s_Republic_of_China.svg?width=300","http://dbpedia.org/resource/Renminbi"
"http://dbpedia.org/resource/Athens","Athens",19.1,3753783,,"http://www.cityofathens.gr/","Greece","http://commons.wikimedia.org/wiki/Special:FilePath/Athens_Montage_2.jpg?width=300","http://commons.wikimedia.org/wiki/Special:FilePath/Flag_of_Greece.svg?width=300","http://dbpedia.org/resource/Euro"
"http://dbpedia.org/resource/Recife","Recife",25.5,3743854,7157.52,"http://www.recife.pe.gov.br","Brazil","http://commons.wikimedia.org/wiki/Special:FilePath/Montagem_Recife_(2).jpg?width=300","http://en.wikipedia.org/wiki/Special:FilePath/Flag_of_Brazil.svg?width=300","http://dbpedia.org/resource/Brazilian_real"
"http://dbpedia.org/resource/Medellín","Medellín",22.5,3731447,,"http://www.medellin.gov.co/irj/portal/medellinIngles","Colombia","http://commons.wikimedia.org/wiki/Special:FilePath/Panoramica_Centro_De_Medellin.jpg?width=300","http://commons.wikimedia.org/wiki/Special:FilePath/Flag_of_Colombia.svg?width=300","http://dbpedia.org/resource/Colombian_peso"
"http://dbpedia.org/resource/Cologne","Cologne",10.3,3573500,,"http://www.stadt-koeln.de","Germany","http://commons.wikimedia.org/wiki/Special:FilePath/Cologne_montage.png?width=300","http://en.wikipedia.org/wiki/Special:FilePath/Flag_of_Germany.svg?width=300","http://dbpedia.org/resource/Euro"
"http://dbpedia.org/resource/Nuremberg","Nuremberg",9.3,3500000,,"http://www.nuernberg.de/internet/portal_e/index.html","Germany","http://commons.wikimedia.org/wiki/Special:FilePath/Нюрнберг.Бург_вид_с_Рехенберга_2.jpg?width=300","http://en.wikipedia.org/wiki/Special:FilePath/Flag_of_Germany.svg?width=300","http://dbpedia.org/resource/Euro"
"http://dbpedia.org/resource/Ningbo","Ningbo",16.5,3491597,,"http://www.ningbo.gov.cn/","China","http://commons.wikimedia.org/wiki/Special:FilePath/Ningbo_montage.jpg?width=300","http://commons.wikimedia.org/wiki/Special:FilePath/Flag_of_the_People%27s_Republic_of_China.svg?width=300","http://dbpedia.org/resource/Renminbi"
"http://dbpedia.org/resource/Oran","Oran",17.9,3454078,,,"Algeria","http://commons.wikimedia.org/wiki/Special:FilePath/Armoirie_oran.png?width=300","http://commons.wikimedia.org/wiki/Special:FilePath/Flag_of_Algeria.svg?width=300","http://dbpedia.org/resource/Algerian_dinar"
"http://dbpedia.org/resource/Curitiba","Curitiba",16.8,3400000,4062.95,"http://www.curitiba.pr.gov.br/","Brazil","http://commons.wikimedia.org/wiki/Special:FilePath/Montage_de_Curitiba.jpg?width=300","http://en.wikipedia.org/wiki/Special:FilePath/Flag_of_Brazil.svg?width=300","http://dbpedia.org/resource/Brazilian_real"
"http://dbpedia.org/resource/Cali","Cali",23.9,3400000,,"http://www.cali.gov.co/","Colombia","http://commons.wikimedia.org/wiki/Special:FilePath/Cali_.jpg?width=300","http://commons.wikimedia.org/wiki/Special:FilePath/Flag_of_Colombia.svg?width=300","http://dbpedia.org/resource/Colombian_peso"
"http://dbpedia.org/resource/Budapest","Budapest",11.3,3303786,3348.0,"http://budapest.hu/sites/english/Lapok/default.aspx","Hungary","http://commons.wikimedia.org/wiki/Special:FilePath/Flag_of_Budapest_(2011-).svg?width=300","http://commons.wikimedia.org/wiki/Special:FilePath/Flag_of_Hungary.svg?width=300","http://dbpedia.org/resource/Hungarian_forint"
"http://dbpedia.org/resource/Budapest","Budapest",11.3,3303786,3348.0,"http://en.budapestinfo.hu/","Hungary","http://commons.wikimedia.org/wiki/Special:FilePath/Flag_of_Budapest_(2011-).svg?width=300","http://commons.wikimedia.org/wiki/Special:FilePath/Flag_of_Hungary.svg?width=300","http://dbpedia.org/resource/Hungarian_forint"
"http://dbpedia.org/resource/Indore","Indore",25,3254238,5116.4,"http://www.indore.nic.in","India","http://commons.wikimedia.org/wiki/Special:FilePath/IndoreMontage.jpg?width=300","http://en.wikipedia.org/wiki/Special:FilePath/Flag_of_India.svg?width=300","http://dbpedia.org/resource/Indian_rupee"
"http://dbpedia.org/resource/Tangshan","Tangshan",11.5,3187171,,"http://tangshan.gov.cn","China","http://commons.wikimedia.org/wiki/Special:FilePath/Font_at_Tangshan,_Hebei_-_Mobile_World.jpg?width=300","http://commons.wikimedia.org/wiki/Special:FilePath/Flag_of_the_People%27s_Republic_of_China.svg?width=300","http://dbpedia.org/resource/Renminbi"
"http://dbpedia.org/resource/Warsaw","Warsaw",8.5,3105883,3337.0,"http://www.um.warszawa.pl/en","Poland","http://commons.wikimedia.org/wiki/Special:FilePath/Flag_of_Warsaw.svg?width=300","http://commons.wikimedia.org/wiki/Special:FilePath/Flag_of_Poland_(normative).svg?width=300","http://dbpedia.org/resource/Polish_złoty"
"http://dbpedia.org/resource/Santa_Cruz_de_la_Sierra","Santa Cruz de la Sierra",24.8,3102998,,"http://www.gmsantacruz.gob.bo/","Bolivia","http://commons.wikimedia.org/wiki/Special:FilePath/Santa_Cruz_Equipetrol.jpg?width=300","http://commons.wikimedia.org/wiki/Special:FilePath/Coat_of_arms_of_Bolivia.svg?width=300","http://dbpedia.org/resource/Bolivian_boliviano"
"http://dbpedia.org/resource/Guiyang","Guiyang",15.3,3037159,,"http://www.gygov.gov.cn/","China","http://commons.wikimedia.org/wiki/Special:FilePath/Guiyang_buildings.jpg?width=300","http://commons.wikimedia.org/wiki/Special:FilePath/Flag_of_the_People%27s_Republic_of_China.svg?width=300","http://dbpedia.org/resource/Renminbi"
"http://dbpedia.org/resource/Ürümqi","Ürümqi",6.9,2988715,,"http://www.urumqi.gov.cn/","China","http://commons.wikimedia.org/wiki/Special:FilePath/Ürümqi_montage.png?width=300","http://commons.wikimedia.org/wiki/Special:FilePath/Flag_of_the_People%27s_Republic_of_China.svg?width=300","http://dbpedia.org/resource/Renminbi"
"http://dbpedia.org/resource/Puebla_City","Puebla City",17.2,2929347,,"http://www.pueblacapital.gob.mx/","Mexico","http://commons.wikimedia.org/wiki/Special:FilePath/Bandera_de_Puebla_de_Zaragoza.png?width=300","http://commons.wikimedia.org/wiki/Special:FilePath/Flag_of_Mexico.svg?width=300","http://dbpedia.org/resource/Mexican_peso"
"http://dbpedia.org/resource/Santo_Domingo","Santo Domingo",25.9,2908607,,"http://adn.gob.do/","Dominican Republic","http://commons.wikimedia.org/wiki/Special:FilePath/SantoDomingoedit.JPG?width=300","http://commons.wikimedia.org/wiki/Special:FilePath/Flag_of_the_Dominican_Republic.svg?width=300","http://dbpedia.org/resource/Dominican_peso"
"http://dbpedia.org/resource/Lisbon","Lisbon",17.5,2821876,,"http://www.cm-lisboa.pt/","Portugal","http://commons.wikimedia.org/wiki/Special:FilePath/Poster_Lisbon.jpg?width=300","http://commons.wikimedia.org/wiki/Special:FilePath/Flag_of_Portugal.svg?width=300","http://dbpedia.org/resource/Euro"
"http://dbpedia.org/resource/Mashhad","Mashhad",14.3,2782976,,"http://www.mashhad.ir/","Iran","http://commons.wikimedia.org/wiki/Special:FilePath/Mashhad.jpg?width=300","http://commons.wikimedia.org/wiki/Special:FilePath/Flag_of_Iran.svg?width=300","http://dbpedia.org/resource/Iranian_rial"
"http://dbpedia.org/resource/Tunis","Tunis",20,2643695,9406.01,"http://www.commune-tunis.gov.tn/publish/content/default.asp?lang=fr","Tunisia","http://commons.wikimedia.org/wiki/Special:FilePath/Tunis,_Tunisia.JPG?width=300","http://commons.wikimedia.org/wiki/Special:FilePath/Flag_of_Tunisia.svg?width=300","http://dbpedia.org/resource/Tunisian_dinar"
"http://dbpedia.org/resource/Vienna","Vienna",11.4,2600000,4326.1,"https://www.wien.gv.at/","Austria","http://commons.wikimedia.org/wiki/Special:FilePath/Flag_of_Wien.svg?width=300","http://commons.wikimedia.org/wiki/Special:FilePath/Flag_of_Austria.svg?width=300","http://dbpedia.org/resource/Euro"
"http://dbpedia.org/resource/Ciudad_Juárez","Ciudad Juárez",17,2539946,7447.91,"http://www.juarez.gob.mx","Mexico","http://commons.wikimedia.org/wiki/Special:FilePath/Juarez_montage.jpg?width=300","http://commons.wikimedia.org/wiki/Special:FilePath/Flag_of_Mexico.svg?width=300","http://dbpedia.org/resource/Mexican_peso"
"http://dbpedia.org/resource/Nagpur","Nagpur",27,2497870,,"http://www.nmcnagpur.gov.in","India","http://commons.wikimedia.org/wiki/Special:FilePath/Futala_lake.jpg?width=300","http://en.wikipedia.org/wiki/Special:FilePath/Flag_of_India.svg?width=300","http://dbpedia.org/resource/Indian_rupee"
"http://dbpedia.org/resource/Goiânia","Goiânia",23.2,2458504,1604.0,"http://www.goiania.go.gov.br","Brazil","http://commons.wikimedia.org/wiki/Special:FilePath/Montagem_-_Goiânia.jpg?width=300","http://en.wikipedia.org/wiki/Special:FilePath/Flag_of_Brazil.svg?width=300","http://dbpedia.org/resource/Brazilian_real"
"http://dbpedia.org/resource/Maracaibo","Maracaibo",28.7,2450559,,"http://www.alcaldiademaracaibo.gob.ve/","Venezuela","http://commons.wikimedia.org/wiki/Special:FilePath/BAND-V-Maracaibo.svg?width=300","http://commons.wikimedia.org/wiki/Special:FilePath/Flag_of_Venezuela.svg?width=300","http://dbpedia.org/resource/Venezuelan_bolívar"
"http://dbpedia.org/resource/Bremen","Bremen",9.2,2400000,,"http://www.bremen.de/","Germany","http://commons.wikimedia.org/wiki/Special:FilePath/Bremen_montage.jpg?width=300","http://en.wikipedia.org/wiki/Special:FilePath/Flag_of_Germany.svg?width=300","http://dbpedia.org/resource/Euro"
"http://dbpedia.org/resource/Isfahan","Isfahan",16.2,2391738,,"http://www.isfahan.ir/","Iran","http://commons.wikimedia.org/wiki/Special:FilePath/Esfahan_Logo.jpg?width=300","http://commons.wikimedia.org/wiki/Special:FilePath/Flag_of_Iran.svg?width=300","http://dbpedia.org/resource/Iranian_rial"
"http://dbpedia.org/resource/Barranquilla","Barranquilla",26.9,2370753,,"http://www.barranquilla.gov.co/","Colombia","http://commons.wikimedia.org/wiki/Special:FilePath/Barranquilla_Montage.jpg?width=300","http://commons.wikimedia.org/wiki/Special:FilePath/Flag_of_Colombia.svg?width=300","http://dbpedia.org/resource/Colombian_peso"
"http://dbpedia.org/resource/La_Paz","La Paz",10.9,2364235,1861.24,"http://www.lapaz.bo/","Bolivia","http://commons.wikimedia.org/wiki/Special:FilePath/La_Paz_Photomontage_V1.jpg?width=300","http://commons.wikimedia.org/wiki/Special:FilePath/Coat_of_arms_of_Bolivia.svg?width=300","http://dbpedia.org/resource/Bolivian_boliviano"
"http://dbpedia.org/resource/Mannheim","Mannheim",10.85,2362046,,"http://www.mannheim.de/","Germany","http://commons.wikimedia.org/wiki/Special:FilePath/SchlossMannheimEHof.jpg?width=300","http://en.wikipedia.org/wiki/Special:FilePath/Flag_of_Germany.svg?width=300","http://dbpedia.org/resource/Euro"
"http://dbpedia.org/resource/Manaus","Manaus",26.7,2316173,173.858,"http://www.manaus.am.gov.br","Brazil","http://commons.wikimedia.org/wiki/Special:FilePath/Manaus,_AM,_Brasil.jpg?width=300","http://en.wikipedia.org/wiki/Special:FilePath/Flag_of_Brazil.svg?width=300","http://dbpedia.org/resource/Brazilian_real"
"http://dbpedia.org/resource/Linyi","Linyi",13.4,2303648,,,"China","http://commons.wikimedia.org/wiki/Special:FilePath/Confucius_Temple_of_Linyi.jpg?width=300","http://commons.wikimedia.org/wiki/Special:FilePath/Flag_of_the_People%27s_Republic_of_China.svg?width=300","http://dbpedia.org/resource/Renminbi"
"http://dbpedia.org/resource/Bucharest","Bucharest",10.8,2272163,8260.0,"http://www1.pmb.ro/pmb/index_en.htm","Romania","http://commons.wikimedia.org/wiki/Special:FilePath/ROU_Bucharest_Flag.png?width=300","http://commons.wikimedia.org/wiki/Special:FilePath/Flag_of_Romania.svg?width=300","http://dbpedia.org/resource/Romanian_leu"
"http://dbpedia.org/resource/Belém","Belém",25.9,2249405,1322.0,"http://www.belem.pa.gov.br","Brazil","http://commons.wikimedia.org/wiki/Special:FilePath/Montagem_Belém.jpg?width=300","http://en.wikipedia.org/wiki/Special:FilePath/Flag_of_Brazil.svg?width=300","http://dbpedia.org/resource/Brazilian_real"
"http://dbpedia.org/resource/Patna","Patna",25.3,2231554,16925.0,"http://patna.bih.nic.in","India","http://commons.wikimedia.org/wiki/Special:FilePath/Patna_Montage_2014.jpg?width=300","http://en.wikipedia.org/wiki/Special:FilePath/Flag_of_India.svg?width=300","http://dbpedia.org/resource/Indian_rupee"
"http://dbpedia.org/resource/Asunción","Asunción",23.3,2198662,4411.0,"http://www.mca.gov.py","Paraguay","http://commons.wikimedia.org/wiki/Special:FilePath/Asuncion_Montage.jpg?width=300","http://commons.wikimedia.org/wiki/Special:FilePath/Flag_of_Paraguay.svg?width=300","http://dbpedia.org/resource/Paraguayan_guaraní"
"http://dbpedia.org/resource/Stockholm","Stockholm",6.6,2192433,,"http://www.stockholm.se/","Sweden","http://commons.wikimedia.org/wiki/Special:FilePath/Stockholm.jpg?width=300","http://en.wikipedia.org/wiki/Special:FilePath/Flag_of_Sweden.svg?width=300","http://dbpedia.org/resource/Swedish_krona"
"http://dbpedia.org/resource/Baoding","Baoding",12.9,2176857,,"http://bd.gov.cn","China","http://commons.wikimedia.org/wiki/Special:FilePath/BaodingAlley.jpg?width=300","http://commons.wikimedia.org/wiki/Special:FilePath/Flag_of_the_People%27s_Republic_of_China.svg?width=300","http://dbpedia.org/resource/Renminbi"
"http://dbpedia.org/resource/San_José,_Costa_Rica","San José, Costa Rica",22.6,2158898,6455.71,"https://www.msj.go.cr/SitePages/home.aspx","Costa Rica","http://commons.wikimedia.org/wiki/Special:FilePath/Bandera_de_San_José_(Costa_Rica).svg?width=300","http://commons.wikimedia.org/wiki/Special:FilePath/Flag_of_Costa_Rica_(state).svg?width=300","http://dbpedia.org/resource/Costa_Rican_colón"
"http://dbpedia.org/resource/Prague","Prague",8.4,2156097,,"http://www.praha.eu/jnp/en/index.html","Czech Republic","http://commons.wikimedia.org/wiki/Special:FilePath/Prague_Montage.jpg?width=300","http://commons.wikimedia.org/wiki/Special:FilePath/Flag_of_the_Czech_Republic.svg?width=300","http://dbpedia.org/resource/Czech_koruna"
"http://dbpedia.org/resource/Rabat","Rabat",17.2,2120192,,"http://www.rabat.ma/","Morocco","http://commons.wikimedia.org/wiki/Special:FilePath/Flag_of_Rabat_Sale_province.svg?width=300","http://commons.wikimedia.org/wiki/Special:FilePath/Flag_of_Morocco.svg?width=300","http://dbpedia.org/resource/Moroccan_dirham"
"http://dbpedia.org/resource/Copenhagen","Copenhagen",8.2,2016285,,"http://www.visitcopenhagen.com/","Denmark","http://commons.wikimedia.org/wiki/Special:FilePath/Copenhagen_Collage2.jpg?width=300","http://commons.wikimedia.org/wiki/Special:FilePath/Flag_of_Denmark.svg?width=300","http://dbpedia.org/resource/Danish_krone"
"http://dbpedia.org/resource/Copenhagen","Copenhagen",8.2,2016285,,"http://www.kk.dk","Denmark","http://commons.wikimedia.org/wiki/Special:FilePath/Copenhagen_Collage2.jpg?width=300","http://commons.wikimedia.org/wiki/Special:FilePath/Flag_of_Denmark.svg?width=300","http://dbpedia.org/resource/Danish_krone"
"http://dbpedia.org/resource/Donetsk","Donetsk",8.5,2009700,,"http://www.citylife.donetsk.ua/","Donetsk People's Republic","http://commons.wikimedia.org/wiki/Special:FilePath/Donetsk_montage_(2015).png?width=300","http://commons.wikimedia.org/wiki/Special:FilePath/New_Donetsk_Peoples_Republic_flag.svg?width=300","http://dbpedia.org/resource/Russian_ruble"
"http://dbpedia.org/resource/Nantong","Nantong",15.3,1994708,,"http://nantong.gov.cn","China","http://commons.wikimedia.org/wiki/Special:FilePath/Nantong_skyline_flanking_the_Hao_River.jpg?width=300","http://commons.wikimedia.org/wiki/Special:FilePath/Flag_of_the_People%27s_Republic_of_China.svg?width=300","http://dbpedia.org/resource/Renminbi"
"http://dbpedia.org/resource/Hohhot","Hohhot",6.7,1980774,,,"China","http://commons.wikimedia.org/wiki/Special:FilePath/Hohhot_Montage.png?width=300","http://commons.wikimedia.org/wiki/Special:FilePath/Flag_of_the_People%27s_Republic_of_China.svg?width=300","http://dbpedia.org/resource/Renminbi"
"http://dbpedia.org/resource/Ganzhou","Ganzhou",19.4,1977253,,"http://www.ganzhou.gov.cn/","China","http://commons.wikimedia.org/wiki/Special:FilePath/Yugutai.JPG?width=300","http://commons.wikimedia.org/wiki/Special:FilePath/Flag_of_the_People%27s_Republic_of_China.svg?width=300","http://dbpedia.org/resource/Renminbi"
"http://dbpedia.org/resource/Montevideo","Montevideo",16.7,1947604,6726.29,"http://www.montevideo.gub.uy/","Uruguay","http://commons.wikimedia.org/wiki/Special:FilePath/Montevideo_collage.JPG?width=300","http://commons.wikimedia.org/wiki/Special:FilePath/Flag_of_Uruguay.svg?width=300","http://dbpedia.org/resource/Uruguayan_peso"
"http://dbpedia.org/resource/Cochabamba","Cochabamba",16.1,1938401,,"http://www.cochabamba.gob.bo/","Bolivia","http://commons.wikimedia.org/wiki/Special:FilePath/Cochabamba,_Cordillera_Tunari.jpg?width=300","http://commons.wikimedia.org/wiki/Special:FilePath/Coat_of_arms_of_Bolivia.svg?width=300","http://dbpedia.org/resource/Bolivian_boliviano"
"http://dbpedia.org/resource/Dublin","Dublin",9.8,1904806,4588.0,"http://www.dublincity.ie/","Republic of Ireland","http://commons.wikimedia.org/wiki/Special:FilePath/DublinMontage.jpg?width=300","http://commons.wikimedia.org/wiki/Special:FilePath/Flag_of_Ireland.svg?width=300","http://dbpedia.org/resource/Euro"
"http://dbpedia.org/resource/Huambo","Huambo",19.2,1896147,245.5,,"Angola","http://commons.wikimedia.org/wiki/Special:FilePath/Huambo,_Palácio_do_Governador.jpg?width=300","http://commons.wikimedia.org/wiki/Special:FilePath/Flag_of_Angola.svg?width=300","http://dbpedia.org/resource/Angolan_kwanza"
"http://dbpedia.org/resource/Tijuana","Tijuana",17.8,1895797,,"http://www.tijuana.gob.mx","Mexico","http://commons.wikimedia.org/wiki/Special:FilePath/Tijuana_montage.jpg?width=300","http://commons.wikimedia.org/wiki/Special:FilePath/Flag_of_Mexico.svg?width=300","http://dbpedia.org/resource/Mexican_peso"
"http://dbpedia.org/resource/León,_Guanajuato","León, Guanajuato",19.9,1887703,,,"Mexico","http://commons.wikimedia.org/wiki/Special:FilePath/León_montage.jpg?width=300","http://commons.wikimedia.org/wiki/Special:FilePath/Flag_of_Mexico.svg?width=300","http://dbpedia.org/resource/Mexican_peso"
"http://dbpedia.org/resource/Nanyang,_Henan","Nanyang, Henan",14.9,1811812,,"http://www.nanyang.gov.cn","China","http://commons.wikimedia.org/wiki/Special:FilePath/Nanyang1.png?width=300","http://commons.wikimedia.org/wiki/Special:FilePath/Flag_of_the_People%27s_Republic_of_China.svg?width=300","http://dbpedia.org/resource/Renminbi"
"http://dbpedia.org/resource/Tabriz","Tabriz",12.6,1800000,,"http://tabriz.ir/","Iran","http://commons.wikimedia.org/wiki/Special:FilePath/Tabriz_Mosaic_Logo.jpg?width=300","http://commons.wikimedia.org/wiki/Special:FilePath/Flag_of_Iran.svg?width=300","http://dbpedia.org/resource/Iranian_rial"
"http://dbpedia.org/resource/Porto","Porto",15.2,1762524,,"http://www.cm-porto.pt","Portugal","http://commons.wikimedia.org/wiki/Special:FilePath/Porto_montage.PNG?width=300","http://commons.wikimedia.org/wiki/Special:FilePath/Flag_of_Portugal.svg?width=300","http://dbpedia.org/resource/Euro"
"http://dbpedia.org/resource/Agra","Agra",26,1760285,,"http://agra.nic.in","India","http://commons.wikimedia.org/wiki/Special:FilePath/Taj_Mahal_in_India.jpg?width=300","http://en.wikipedia.org/wiki/Special:FilePath/Flag_of_India.svg?width=300","http://dbpedia.org/resource/Indian_rupee"
"http://dbpedia.org/resource/Kharkiv","Kharkiv",8.1,1732400,4500.0,"http://www.city.kharkov.ua/en/","Ukraine","http://commons.wikimedia.org/wiki/Special:FilePath/Kharkiv_montage_(2015).png?width=300","http://commons.wikimedia.org/wiki/Special:FilePath/Flag_of_Ukraine.svg?width=300","http://dbpedia.org/resource/Ukrainian_hryvnia"
"http://dbpedia.org/resource/Kraków","Kraków",8.9,1725894,2327.7,"http://www.krakow.pl/","Poland","http://commons.wikimedia.org/wiki/Special:FilePath/Flag_of_Krakow.svg?width=300","http://commons.wikimedia.org/wiki/Special:FilePath/Flag_of_Poland_(normative).svg?width=300","http://dbpedia.org/resource/Polish_złoty"
"http://dbpedia.org/resource/Mianyang","Mianyang",16.2,1722133,,"http://mianyang.gov.cn","China","http://commons.wikimedia.org/wiki/Special:FilePath/Central_Mianyang.jpg?width=300","http://commons.wikimedia.org/wiki/Special:FilePath/Flag_of_the_People%27s_Republic_of_China.svg?width=300","http://dbpedia.org/resource/Renminbi"
"http://dbpedia.org/resource/Valencia","Valencia",18.3,1705742,,"http://www.valencia.es","Spain","http://commons.wikimedia.org/wiki/Special:FilePath/Collagevalencia.JPG?width=300","http://en.wikipedia.org/wiki/Special:FilePath/Flag_of_Spain.svg?width=300","http://dbpedia.org/resource/Euro"
"http://dbpedia.org/resource/Málaga","Málaga",18.5,1628973,,"http://www.malaga.eu","Spain","http://commons.wikimedia.org/wiki/Special:FilePath/Da_Gibralfaro.jpg?width=300","http://en.wikipedia.org/wiki/Special:FilePath/Flag_of_Spain.svg?width=300","http://dbpedia.org/resource/Euro"
"http://dbpedia.org/resource/Zhanjiang","Zhanjiang",23.3,1611868,,"http://www.zhanjiang.gov.cn/","China","http://commons.wikimedia.org/wiki/Special:FilePath/Zhanjiang_Guangzhouwan_Faguo_Gongshishu_Jiuzhi_he_Fajun_Zhihuibu_Jiuzhi_2014.02.27_09-05-29.jpg?width=300","http://commons.wikimedia.org/wiki/Special:FilePath/Flag_of_the_People%27s_Republic_of_China.svg?width=300","http://dbpedia.org/resource/Renminbi"
"http://dbpedia.org/resource/Sheffield","Sheffield",10,1569000,,"http://www.sheffield.gov.uk","United Kingdom","http://commons.wikimedia.org/wiki/Special:FilePath/Sheffield_City.jpg?width=300","http://en.wikipedia.org/wiki/Special:FilePath/Flag_of_the_United_Kingdom.svg?width=300","http://dbpedia.org/resource/Pound_sterling"
"http://dbpedia.org/resource/Nottingham","Nottingham",10,1543000,,"http://www.nottinghamcity.gov.uk/","United Kingdom","http://commons.wikimedia.org/wiki/Special:FilePath/Nottingham_montage.jpg?width=300","http://en.wikipedia.org/wiki/Special:FilePath/Flag_of_the_United_Kingdom.svg?width=300","http://dbpedia.org/resource/Pound_sterling"
"http://dbpedia.org/resource/Córdoba,_Argentina","Córdoba, Argentina",18,1528000,2273.55,"http://www.cordoba.gov.ar/","Argentina","http://commons.wikimedia.org/wiki/Special:FilePath/Montaje_CBA_9.jpg?width=300","http://commons.wikimedia.org/wiki/Special:FilePath/Flag_of_Argentina.svg?width=300","http://dbpedia.org/resource/Argentine_peso"
"http://dbpedia.org/resource/Seville","Seville",19.2,1519639,5002.93,"http://www.sevilla.org","Spain","http://commons.wikimedia.org/wiki/Special:FilePath/Collagesevilla.jpg?width=300","http://en.wikipedia.org/wiki/Special:FilePath/Flag_of_Spain.svg?width=300","http://dbpedia.org/resource/Euro"
"http://dbpedia.org/resource/Natal,_Rio_Grande_do_Norte","Natal, Rio Grande do Norte",26,1485505,4808.2,"http://www.natal.rn.gov.br","Brazil","http://commons.wikimedia.org/wiki/Special:FilePath/Montagem_Natal,_RN.jpg?width=300","http://en.wikipedia.org/wiki/Special:FilePath/Flag_of_Brazil.svg?width=300","http://dbpedia.org/resource/Brazilian_real"
"http://dbpedia.org/resource/Natal,_Rio_Grande_do_Norte","Natal, Rio Grande do Norte",26,1485505,4808.2,"http://www.natal.rn.gov.br/","Brazil","http://commons.wikimedia.org/wiki/Special:FilePath/Montagem_Natal,_RN.jpg?width=300","http://en.wikipedia.org/wiki/Special:FilePath/Flag_of_Brazil.svg?width=300","http://dbpedia.org/resource/Brazilian_real"
"http://dbpedia.org/resource/Xingtai","Xingtai",13.8,1461809,,"http://xingtai.gov.cn","China","http://commons.wikimedia.org/wiki/Special:FilePath/GuoShoujingMemorialHallInXingtai.jpg?width=300","http://commons.wikimedia.org/wiki/Special:FilePath/Flag_of_the_People%27s_Republic_of_China.svg?width=300","http://dbpedia.org/resource/Renminbi"
"http://dbpedia.org/resource/Dnipropetrovsk","Dnipropetrovsk",9,1460000,2452.0,"http://dniprorada.gov.ua/","Ukraine","http://commons.wikimedia.org/wiki/Special:FilePath/Флаг_Днепропетровска_2.png?width=300","http://commons.wikimedia.org/wiki/Special:FilePath/Flag_of_Ukraine.svg?width=300","http://dbpedia.org/resource/Ukrainian_hryvnia"
"http://dbpedia.org/resource/San_Pedro_Sula","San Pedro Sula",26,1445598,,,"Honduras","http://commons.wikimedia.org/wiki/Special:FilePath/San_Pedro_Sula_Flag.png?width=300","http://commons.wikimedia.org/wiki/Special:FilePath/Flag_of_Honduras.svg?width=300","http://dbpedia.org/resource/Honduran_lempira"
"http://dbpedia.org/resource/Łódź","Łódź",8.6,1428600,,"http://www.uml.lodz.pl/","Poland","http://commons.wikimedia.org/wiki/Special:FilePath/Lodz_Collage_(by_EL-042).png?width=300","http://commons.wikimedia.org/wiki/Special:FilePath/Flag_of_Poland_(normative).svg?width=300","http://dbpedia.org/resource/Polish_złoty"
"http://dbpedia.org/resource/Poznań","Poznań",9.6,1400000,,"http://www.poznan.pl/","Poland","http://commons.wikimedia.org/wiki/Special:FilePath/Collage_of_views_of_Poznań,_Poland.jpg?width=300","http://commons.wikimedia.org/wiki/Special:FilePath/Flag_of_Poland_(normative).svg?width=300","http://dbpedia.org/resource/Polish_złoty"
"http://dbpedia.org/resource/Concepción,_Chile","Concepción, Chile",12.8,1322581,1318.0,"http://www.concepcion.cl","Chile","http://commons.wikimedia.org/wiki/Special:FilePath/Ciudad-Puerto-de-Concepción.png?width=300","http://commons.wikimedia.org/wiki/Special:FilePath/Flag_of_Chile.svg?width=300","http://dbpedia.org/resource/Chilean_peso"
"http://dbpedia.org/resource/Srinagar","Srinagar",13.5,1273312,,"http://www.srinagar.nic.in","India","http://en.wikipedia.org/wiki/Special:FilePath/Srinagar_pano.jpg?width=300","http://en.wikipedia.org/wiki/Special:FilePath/Flag_of_India.svg?width=300","http://dbpedia.org/resource/Indian_rupee"
"http://dbpedia.org/resource/Asmara","Asmara",15.6,1258001,53.38,,"Eritrea","http://commons.wikimedia.org/wiki/Special:FilePath/Asmara_Panorama.JPG?width=300","http://en.wikipedia.org/wiki/Special:FilePath/Flag_of_Eritrea.svg?width=300","http://dbpedia.org/resource/Eritrean_nakfa"
"http://dbpedia.org/resource/Cartagena,_Colombia","Cartagena, Colombia",27.8,1239430,,"http://www.cartagena.gov.co","Colombia","http://commons.wikimedia.org/wiki/Special:FilePath/Cartagena,_Bolívar,_Colombia.jpg?width=300","http://commons.wikimedia.org/wiki/Special:FilePath/Flag_of_Colombia.svg?width=300","http://dbpedia.org/resource/Colombian_peso"
"http://dbpedia.org/resource/Ottawa","Ottawa",6.6,1236324,316.6,"http://www.ottawa.ca/","Canada","http://commons.wikimedia.org/wiki/Special:FilePath/OttawaCollage.png?width=300","http://commons.wikimedia.org/wiki/Special:FilePath/Flag_of_Canada_(Pantone).svg?width=300","http://dbpedia.org/resource/Canadian_dollar"
"http://dbpedia.org/resource/São_Luís,_Maranhão","São Luís, Maranhão",26.1,1227659,1183.4,"http://www.saoluis.ma.gov.br","Brazil","http://commons.wikimedia.org/wiki/Special:FilePath/São_Luís_do_Maranhão_-_Capital.jpg?width=300","http://en.wikipedia.org/wiki/Special:FilePath/Flag_of_Brazil.svg?width=300","http://dbpedia.org/resource/Brazilian_real"
"http://dbpedia.org/resource/Torreón","Torreón",22.1,1215993,,"http://www.torreon.gob.mx","Mexico","http://commons.wikimedia.org/wiki/Special:FilePath/Escudo-torreon.jpg?width=300","http://commons.wikimedia.org/wiki/Special:FilePath/Flag_of_Mexico.svg?width=300","http://dbpedia.org/resource/Mexican_peso"
"http://dbpedia.org/resource/Bucaramanga","Bucaramanga",21.4,1212657,6207.0,"http://www.bucaramanga.gov.co/","Colombia","http://commons.wikimedia.org/wiki/Special:FilePath/Bucaramanga_v_cu.JPG?width=300","http://commons.wikimedia.org/wiki/Special:FilePath/Flag_of_Colombia.svg?width=300","http://dbpedia.org/resource/Colombian_peso"
"http://dbpedia.org/resource/Xining","Xining",6.1,1198304,,"http://www.xining.gov.cn/","China","http://commons.wikimedia.org/wiki/Special:FilePath/Xining_Montage.jpg?width=300","http://commons.wikimedia.org/wiki/Special:FilePath/Flag_of_the_People%27s_Republic_of_China.svg?width=300","http://dbpedia.org/resource/Renminbi"
"http://dbpedia.org/resource/Amritsar","Amritsar",22.8,1183705,,"http://www.amritsarcorp.com","India","http://commons.wikimedia.org/wiki/Special:FilePath/Golden_Temple_India.jpg?width=300","http://en.wikipedia.org/wiki/Special:FilePath/Flag_of_India.svg?width=300","http://dbpedia.org/resource/Indian_rupee"
"http://dbpedia.org/resource/Wrocław","Wrocław",9.5,1164600,,"http://www.wroclaw.pl","Poland","http://commons.wikimedia.org/wiki/Special:FilePath/Wroclaw_horizontal_flag.svg?width=300","http://commons.wikimedia.org/wiki/Special:FilePath/Flag_of_Poland_(normative).svg?width=300","http://dbpedia.org/resource/Polish_złoty"
"http://dbpedia.org/resource/Edmonton","Edmonton",4.2,1159869,1186.8,"http://www.edmonton.ca","Canada","http://commons.wikimedia.org/wiki/Special:FilePath/Edmontonmontage1.jpg?width=300","http://commons.wikimedia.org/wiki/Special:FilePath/Flag_of_Canada_(Pantone).svg?width=300","http://dbpedia.org/resource/Canadian_dollar"
"http://dbpedia.org/resource/Dresden","Dresden",9.37,1143197,,"http://www.dresden.de/","Germany","http://commons.wikimedia.org/wiki/Special:FilePath/Dresden_Montage_(2016).png?width=300","http://en.wikipedia.org/wiki/Special:FilePath/Flag_of_Germany.svg?width=300","http://dbpedia.org/resource/Euro"
"http://dbpedia.org/resource/Ahvaz","Ahvaz",25.4,1136989,,"http://www.ahvaz.ir/","Iran","http://commons.wikimedia.org/wiki/Special:FilePath/Ahvaz_Montage.jpg?width=300","http://commons.wikimedia.org/wiki/Special:FilePath/Flag_of_Iran.svg?width=300","http://dbpedia.org/resource/Iranian_rial"
"http://dbpedia.org/resource/Bazhong","Bazhong",16.8,1126790,,"http://www.cnbz.gov.cn/","China","http://commons.wikimedia.org/wiki/Special:FilePath/Sichuan_subdivisions_-_Bazhong.svg?width=300","http://commons.wikimedia.org/wiki/Special:FilePath/Flag_of_the_People%27s_Republic_of_China.svg?width=300","http://dbpedia.org/resource/Renminbi"
"http://dbpedia.org/resource/Hanover","Hanover",9.6,1119032,,"http://www.hannover.de/","Germany","http://en.wikipedia.org/wiki/Special:FilePath/Neues_Rathaus_Hannover_abends.jpg?width=300","http://en.wikipedia.org/wiki/Special:FilePath/Flag_of_Germany.svg?width=300","http://dbpedia.org/resource/Euro"
"http://dbpedia.org/resource/Zagreb","Zagreb",10.7,1113111,,"http://zagreb.hr","Croatia","http://commons.wikimedia.org/wiki/Special:FilePath/Flag_of_Zagreb.svg?width=300","http://commons.wikimedia.org/wiki/Special:FilePath/Flag_of_Croatia.svg?width=300","http://dbpedia.org/resource/Croatian_kuna"
"http://dbpedia.org/resource/Zagreb","Zagreb",10.7,1113111,,"http://www.zagreb.hr/default.aspx?id=1979","Croatia","http://commons.wikimedia.org/wiki/Special:FilePath/Flag_of_Zagreb.svg?width=300","http://commons.wikimedia.org/wiki/Special:FilePath/Flag_of_Croatia.svg?width=300","http://dbpedia.org/resource/Croatian_kuna"
"http://dbpedia.org/resource/Florianópolis","Florianópolis",20.4,1111702,,"http://www.pmf.sc.gov.br","Brazil","http://commons.wikimedia.org/wiki/Special:FilePath/Montagem_de_Florianópolis.jpg?width=300","http://en.wikipedia.org/wiki/Special:FilePath/Flag_of_Brazil.svg?width=300","http://dbpedia.org/resource/Brazilian_real"
"http://dbpedia.org/resource/Benghazi","Benghazi",19.9,1110000,,,"Libya","http://commons.wikimedia.org/wiki/Special:FilePath/Panathenaic_amphora_Louvre_MN705.jpg?width=300","http://commons.wikimedia.org/wiki/Special:FilePath/Flag_of_Libya.svg?width=300","http://dbpedia.org/resource/Libyan_dinar"
"http://dbpedia.org/resource/Cardiff","Cardiff",10.9,1097000,,"http://www.cardiff.gov.uk/","United Kingdom","http://commons.wikimedia.org/wiki/Special:FilePath/Cardiffmontage3.jpg?width=300","http://en.wikipedia.org/wiki/Special:FilePath/Flag_of_the_United_Kingdom.svg?width=300","http://dbpedia.org/resource/Pound_sterling"
"http://dbpedia.org/resource/Thessaloniki","Thessaloniki",15.1,1084001,,"http://www.thessaloniki.gr/","Greece","http://commons.wikimedia.org/wiki/Special:FilePath/Salonica_White_Tower.jpg?width=300","http://commons.wikimedia.org/wiki/Special:FilePath/Flag_of_Greece.svg?width=300","http://dbpedia.org/resource/Euro"
"http://dbpedia.org/resource/Gdańsk","Gdańsk",8,1080700,,"http://www.gdansk.pl/en/","Poland","http://commons.wikimedia.org/wiki/Special:FilePath/Collage_of_views_of_Gdansk.jpg?width=300","http://commons.wikimedia.org/wiki/Special:FilePath/Flag_of_Poland_(normative).svg?width=300","http://dbpedia.org/resource/Polish_złoty"
"http://dbpedia.org/resource/Jinhua","Jinhua",17.3,1077245,,,"China","http://commons.wikimedia.org/wiki/Special:FilePath/Jinhuamontage.jpg?width=300","http://commons.wikimedia.org/wiki/Special:FilePath/Flag_of_the_People%27s_Republic_of_China.svg?width=300","http://dbpedia.org/resource/Renminbi"
"http://dbpedia.org/resource/Campo_Grande","Campo Grande",22.7,1069420,97.3,"http://www.capital.ms.gov.br","Brazil","http://commons.wikimedia.org/wiki/Special:FilePath/MontagemCampoGrandeMS.jpg?width=300","http://en.wikipedia.org/wiki/Special:FilePath/Flag_of_Brazil.svg?width=300","http://dbpedia.org/resource/Brazilian_real"
"http://dbpedia.org/resource/Marrakesh","Marrakesh",19.6,1063415,,,"Morocco","http://commons.wikimedia.org/wiki/Special:FilePath/Marrakech_montage2.png?width=300","http://commons.wikimedia.org/wiki/Special:FilePath/Flag_of_Morocco.svg?width=300","http://dbpedia.org/resource/Moroccan_dirham"
"http://dbpedia.org/resource/Dushanbe","Dushanbe",14.7,1051200,,"http://www.dushanbe.tj","Tajikistan","http://commons.wikimedia.org/wiki/Special:FilePath/Dushanbe_Presidential_Palace_01.jpg?width=300","http://commons.wikimedia.org/wiki/Special:FilePath/Flag_of_Tajikistan.svg?width=300","http://dbpedia.org/resource/Somoni"
"http://dbpedia.org/resource/Haifa","Haifa",20.3,1050000,,"http://www.haifa.muni.il/English/Pages/default.aspx","Israel","http://commons.wikimedia.org/wiki/Special:FilePath/Flag_of_Haifa.svg?width=300","http://commons.wikimedia.org/wiki/Special:FilePath/Flag_of_Israel.svg?width=300","http://dbpedia.org/resource/Israeli_new_shekel"
"http://dbpedia.org/resource/Qinhuangdao","Qinhuangdao",11,1029670,,"http://www.qhd.gov.cn/","China","http://commons.wikimedia.org/wiki/Special:FilePath/Qinhuangdao_Panorama_Face_South.jpg?width=300","http://commons.wikimedia.org/wiki/Special:FilePath/Flag_of_the_People%27s_Republic_of_China.svg?width=300","http://dbpedia.org/resource/Renminbi"
"http://dbpedia.org/resource/Acapulco","Acapulco",27.9,1021000,,"http://www.acapulco.gob.mx","Mexico","http://commons.wikimedia.org/wiki/Special:FilePath/Acapulco_Collage_2013.jpg?width=300","http://commons.wikimedia.org/wiki/Special:FilePath/Flag_of_Mexico.svg?width=300","http://dbpedia.org/resource/Mexican_peso"
"http://dbpedia.org/resource/Leipzig","Leipzig",9.45,1001220,,"http://www.leipzig.de/","Germany","http://commons.wikimedia.org/wiki/Special:FilePath/Flag_of_Leipzig.svg?width=300","http://en.wikipedia.org/wiki/Special:FilePath/Flag_of_Germany.svg?width=300","http://dbpedia.org/resource/Euro"
